0.17,83.0,8.00037,canonical_33,Simon et al. (2005),,Use the published diagonal uncertainty in the baseline fit.
0.1791,74.91,3.8069262,canonical_33,Moresco et al. (2012),,Use the published diagonal uncertainty in the baseline fit.
0.1993,74.96,4.9001352,canonical_33,Moresco et al. (2012),,Use the published diagonal uncertainty in the baseline fit.
0.2,72.9,29.6,canonical_33,Zhang et al. (2014),,Use the published diagonal uncertainty in the baseline fit.
0.27,77.0,13.9986,canonical_33,Simon et al. (2005),,Use the published diagonal uncertainty in the baseline fit.
0.28,88.8,36.6,canonical_33,Zhang et al. (2014),,Use the published diagonal uncertainty in the baseline fit.
0.3519,82.78,13.94843,canonical_33,Moresco et al. (2012),,Use the published diagonal uncertainty in the baseline fit.
0.3802,83.0,13.54,canonical_33,Moresco et al. (2016),,Use the published diagonal uncertainty in the baseline fit.
0.4,95.0,16.9955,canonical_33,Simon et al. (2005),,Use the published diagonal uncertainty in the baseline fit.
0.4004,76.97,10.18,canonical_33,Moresco et al. (2016),,Use the published diagonal uncertainty in the baseline fit.
0.4247,87.08,11.24,canonical_33,Moresco et al. (2016),,Use the published diagonal uncertainty in the baseline fit.
0.4497,92.78,12.9,canonical_33,Moresco et al. (2016),,Use the published diagonal uncertainty in the baseline fit.
0.47,89.0,49.6,canonical_33,Ratsimbazafy et al. (2017),,Use the published diagonal uncertainty in the baseline fit.
0.4783,80.91,9.044,canonical_33,Moresco et al. (2016),,Use the published diagonal uncertainty in the baseline fit.
0.48,97.0,62.0024,canonical_33,Stern et al. (2010),,Use the published diagonal uncertainty in the baseline fit.
0.5929,103.8,12.49752,canonical_33,Moresco et al. (2012),,Use the published diagonal uncertainty in the baseline fit.
0.6797,91.6,7.961872,canonical_33,Moresco et al. (2012),,Use the published diagonal uncertainty in the baseline fit.
0.7812,104.5,12.19515,canonical_33,Moresco et al. (2012),,Use the published diagonal uncertainty in the baseline fit.
0.8,113.1,25.22,canonical_33,Jiao et al. (2023),,Use the published diagonal uncertainty in the baseline fit.
0.8754,125.1,16.70085,canonical_33,Moresco et al. (2012),,Use the published diagonal uncertainty in the baseline fit.
0.88,90.0,39.996,canonical_33,Stern et al. (2010),,Use the published diagonal uncertainty in the baseline fit.
0.9,117.0,23.0022,canonical_33,Simon et al. (2005),,Use the published diagonal uncertainty in the baseline fit.
1.037,153.7,19.6736,canonical_33,Moresco et al. (2012),,Use the published diagonal uncertainty in the baseline fit.
1.26,135.0,65.0,canonical_33,Tomasetti et al. (2023),,Use the published diagonal uncertainty in the baseline fit.
1.3,168.0,17.0016,canonical_33,Simon et al. (2005),,Use the published diagonal uncertainty in the baseline fit.
1.363,160.0,33.58,canonical_33,Moresco (2015),,Use the published diagonal uncertainty in the baseline fit.
1.43,177.0,18.0009,canonical_33,Simon et al. (2005),,Use the published diagonal uncertainty in the baseline fit.
1.53,140.0,14.0,canonical_33,Simon et al. (2005),,Use the published diagonal uncertainty in the baseline fit.
1.75,202.0,39.996,canonical_33,Simon et al. (2005),,Use the published diagonal uncertainty in the baseline fit.
1.965,186.5,50.43,canonical_33,Moresco (2015),,Use the published diagonal uncertainty in the baseline fit.
0.46,88.48,12.33317883,DESI_DR1_2025,"Loubser et al. (2025), DESI DR1",DESI_DR1_2025,"Use the supplied 3 by 3 covariance block, not three independent diagonal errors."
0.67,119.45,17.82474965,DESI_DR1_2025,"Loubser et al. (2025), DESI DR1",DESI_DR1_2025,"Use the supplied 3 by 3 covariance block, not three independent diagonal errors."
0.83,108.28,18.13315472,DESI_DR1_2025,"Loubser et al. (2025), DESI DR1",DESI_DR1_2025,"Use the supplied 3 by 3 covariance block, not three independent diagonal errors."
